Workbook

Sheet Resumen
A1: Plan de Cierre de Brechas RESSO — Septiembre a Diciembre 2026
A2: Base: dashboard Avance RESSO, generado 2026-09-15 17:03 · Dotación activa: 991 personas · 68 documentos
A4: Supuestos clave del plan (editables)
A5: Supuesto | B5: Valor | C5: Nota
A6: Sesiones presenciales por semana disponibles | B6: 2 | C6: Capacidad declarada como 'baja'. Ajustar aquí si cambia la disponibilidad de instructores/salas.
A7: Sesiones necesarias para cerrar 1 curso a nivel de toda la dotación | B7: 3 | C7: Un grupo de turno A, uno de turno B, y uno para los turnos menores (C/D/8X6/4X3/5X2).
A8: Semanas efectivas de capacitación (21-sep al 14-dic) | B8: 13 | C8: Se excluye la última quincena de diciembre por cierre de año.
A9: Meta de avance para un curso 'cerrado' en la Pista A | B9: 0.98 | C9: No se asume 100% literal: permisos, ausentismo y casos excepcionales.
A10: Meta de avance para Pista B (administrativa/plataforma) a diciembre | B10: 0.9 | C10: No gatillada por capacidad de instructores, pero sí requiere seguimiento administrativo sostenido.
A13: Proyección de avance global (resultado del plan, no un objetivo forzado a 100%)
A14: Corte | B14: Pista A — Críticos (18 cursos) | C14: Pista B — Admin/Plataforma (50 cursos) | D14: Global (68 cursos)
A15: Hoy (15-sep-2026) | B15: 0.31616667 | C15: 0.64102 | D15: =(18*B15+50*C15)/68 -> 0.55502941
A16: Fin septiembre | B16: =$B$15+(0.579-$B$15)*0.25 -> 0.381875 | C16: =$C$15+(0.9-$C$15)*0.25 -> 0.705765 | D16: =(18*B16+50*C16)/68 -> 0.62002941
A17: Fin octubre — cierre oleada 1 (3 cursos) | B17: =$B$15+(0.579-$B$15)*0.5 -> 0.44758333 | C17: =$C$15+(0.9-$C$15)*0.5 -> 0.77051 | D17: =(18*B17+50*C17)/68 -> 0.68502941
A18: Fin noviembre — cierre oleada 2 (3 cursos) | B18: =$B$15+(0.579-$B$15)*0.75 -> 0.51329167 | C18: =$C$15+(0.9-$C$15)*0.75 -> 0.835255 | D18: =(18*B18+50*C18)/68 -> 0.75002941
A19: Fin diciembre — cierre oleada 3 (2 cursos) / meta del plan | B19: 0.579 | C19: 0.9 | D19: =(18*B19+50*C19)/68 -> 0.81502941
A21: Nota: con la capacidad declarada (baja), llegar a 100% en los 68 cursos para el 31-dic no es realista.
A22: El plan prioriza cerrar por completo 8 de los 18 cursos críticos (Riesgos de Fatalidad + Reglamentos), y deja 10 para el primer trimestre 2027 (ver hoja 'Pista A').

Sheet Pista A - Cursos Críticos
A1: Pista A — Cursos críticos con evaluación presencial (Riesgos de Fatalidad + Reglamentos)
A2: Gatillados por capacidad de instructores/turnos. Ordenados por brecha actual (menor a mayor).
A4: # | B4: Curso | C4: Avance actual | D4: Pendientes actuales | E4: Oleada | F4: Mes objetivo | G4: ¿Se cierra en el plan? | H4: Meta 31-dic
A5: 1 | B5: RF-13 Caída de Objetos vs01 | C5: 0.397 | D5: 598 | E5: Oleada 1 | F5: Octubre | G5: Sí | H5: =IF(G5="Sí",Resumen!$B$9,C5) -> 0.98
A6: 2 | B6: RF-02 Evaluación RF Trabajo en altura vs 03 | C6: 0.395 | D6: 600 | E6: Oleada 1 | F6: Octubre | G6: Sí | H6: =IF(G6="Sí",Resumen!$B$9,C6) -> 0.98
A7: 3 | B7: RF-04 Evaluación RF Liberación Descontrolada de Energías vs 02 | C7: 0.391 | D7: 604 | E7: Oleada 1 | F7: Octubre | G7: Sí | H7: =IF(G7="Sí",Resumen!$B$9,C7) -> 0.98
A8: 4 | B8: RF-16 Evaluación RF Vaciados de Chimeneas y Piques vs01 | C8: 0.386 | D8: 608 | E8: Oleada 2 | F8: Noviembre | G8: Sí | H8: =IF(G8="Sí",Resumen!$B$9,C8) -> 0.98
A9: 5 | B9: RF-06 Evaluación RF Incendio vs 02 | C9: 0.385 | D9: 609 | E9: Oleada 2 | F9: Noviembre | G9: Sí | H9: =IF(G9="Sí",Resumen!$B$9,C9) -> 0.98
A10: 6 | B10: RF-20 Evaluación RF Sílice vs1 | C10: 0.385 | D10: 609 | E10: Oleada 2 | F10: Noviembre | G10: Sí | H10: =IF(G10="Sí",Resumen!$B$9,C10) -> 0.98
A11: 7 | B11: RF-03 Evaluación RF Maniobras de Izajes vs 02 | C11: 0.384 | D11: 610 | E11: Oleada 3 | F11: Diciembre | G11: Sí | H11: =IF(G11="Sí",Resumen!$B$9,C11) -> 0.98
A12: 8 | B12: RF-27 Evaluación RF Atropello | C12: 0.384 | D12: 610 | E12: Oleada 3 | F12: Diciembre | G12: Sí | H12: =IF(G12="Sí",Resumen!$B$9,C12) -> 0.98
A13: 9 | B13: RF-01 Evaluación RF Energía Eléctrica vs 03 | C13: 0.384 | D13: 610 | E13: 2027 T1 | F13: Fuera de este plan | G13: No | H13: =IF(G13="Sí",Resumen!$B$9,C13) -> 0.384
A14: 10 | B14: RF-10 Evaluación RF Vehículos vs 01 | C14: 0.384 | D14: 610 | E14: 2027 T1 | F14: Fuera de este plan | G14: No | H14: =IF(G14="Sí",Resumen!$B$9,C14) -> 0.384
A15: 11 | B15: RF-07 Evaluación RF Sustancias Peligrosas vs 03 | C15: 0.383 | D15: 611 | E15: 2027 T1 | F15: Fuera de este plan | G15: No | H15: =IF(G15="Sí",Resumen!$B$9,C15) -> 0.383
A16: 12 | B16: RF-30 Evaluación RF Tiro y arrastre vs 0 | C16: 0.378 | D16: 616 | E16: 2027 T1 | F16: Fuera de este plan | G16: No | H16: =IF(G16="Sí",Resumen!$B$9,C16) -> 0.378
... A22: 18 | B22: R-035 Reglamento de Emergencia Mina Chuquicamata | C22: 0.104 | D22: 888 | E22: 2027 T1 | F22: Fuera de este plan | G22: No | H22: =IF(G22="Sí",Resumen!$B$9,C22) -> 0.104
A24: Promedio Pista A hoy: | C24: =AVERAGE(C5:C22) -> 0.31616667
A25: Promedio Pista A proyectado 31-dic: | C25: =AVERAGE(H5:H22) -> 0.57911111

Sheet Pista B - Admin y Plataforma
A1: Pista B — Cursos administrativos / plataforma / Maestra de Capacitación
A2: No dependen de capacidad de instructores; se cierran con seguimiento administrativo (recordatorios, carga a plataforma, sincronización de registros).
A4: # | B4: Curso | C4: Categoría | D4: Vía de cierre | E4: Avance actual | F4: Pendientes actuales | G4: Prioridad | H4: Meta 31-dic
A5: 1 | B5: Carta de Consentimiento Digital | C5: IRL | D5: Sincronizar Maestra de Capacitación | E5: 0.094 | F5: 898 | G5: Urgente | H5: =MAX(E5,Resumen!$B$10) -> 0.9
A6: 2 | B6: Difusión, entrega y evaluación R-01 Reglamento Interno de Ventilación | C6: RIM | D6: Completar en Plataforma nueva | E6: 0.104 | F6: 888 | G6: Urgente | H6: =MAX(E6,Resumen!$B$10) -> 0.9
A7: 3 | B7: Reglamento Control de Ingreso de Personas a la Faena | C7: RIM | D7: Seguimiento manual | E7: 0.107 | F7: 885 | G7: Urgente | H7: =MAX(E7,Resumen!$B$10) -> 0.9
A8: 4 | B8: Difusión, entrega y evaluación MATRIZ IPER asociada al contrato SK N°4600029025, | C8: IRL | D8: Completar en Plataforma nueva | E8: 0.111 | F8: 881 | G8: Urgente | H8: =MAX(E8,Resumen!$B$10) -> 0.9
A9: 5 | B9: Anexo IRL Junio 2026 | C9: IRL | D9: Sincronizar Maestra de Capacitación | E9: 0.117 | F9: 875 | G9: Urgente | H9: =MAX(E9,Resumen!$B$10) -> 0.9
A10: 6 | B10: Difusión, entrega y evaluación de Riesgos Laborales y Políticas SSO | C10: IRL | D10: Completar en Plataforma nueva | E10: 0.136 | F10: 856 | G10: Urgente | H10: =MAX(E10,Resumen!$B$10) -> 0.9
A11: 7 | B11: Evaluación Listas de Verificación Legal y MIRLO 2026 | C11: IRL | D11: Evaluación (Microsoft Forms / Plataforma) | E11: 0.144 | F11: 848 | G11: Urgente | H11: =MAX(E11,Resumen!$B$10) -> 0.9
A12: 8 | B12: Difusión de Cartillas de Evacuación Mina DCH Subterráneo REV. 5 | C12: IRL | D12: Evaluación (Microsoft Forms / Plataforma) | E12: 0.263 | F12: 733 | G12: Media | H12: =MAX(E12,Resumen!$B$10) -> 0.9
A13: 9 | B13: Riesgo Crítico N°20: Pérdida de Control de Fuentes de Emisión de Polvo | C13: IRL | D13: Sincronizar Maestra de Capacitación | E13: 0.316 | F13: 678 | G13: Media | H13: =MAX(E13,Resumen!$B$10) -> 0.9
A14: 10 | B14: Inducción Hombre Nuevo | C14: IRL | D14: Sincronizar Maestra de Capacitación | E14: 0.374 | F14: 620 | G14: Media | H14: =MAX(E14,Resumen!$B$10) -> 0.9
A15: 11 | B15: Difusión de Riesgos de Incendio SKIC/CODELCO | C15: IRL | D15: Sincronizar Maestra de Capacitación | E15: 0.392 | F15: 603 | G15: Media | H15: =MAX(E15,Resumen!$B$10) -> 0.9
A16: 12 | B16: Obligaciones de Empresas Contratistas y Subcontratistas RESSO V.9 | C16: IRL | D16: Sincronizar Maestra de Capacitación | E16: 0.392 | F16: 603 | G16: Media | H16: =MAX(E16,Resumen!$B$10) -> 0.9
... A54: 50 | B54: Información Riesgos Laborales (IRL) D.S N°44 | C54: IRL | D54: Sincronizar Maestra de Capacitación | E54: 0.954 | F54: 46 | G54: Mantención | H54: =MAX(E54,Resumen!$B$10) -> 0.954
A56: Promedio Pista B hoy: | E56: =AVERAGE(E5:E54) -> 0.64102
A57: Promedio Pista B proyectado 31-dic: | E57: =AVERAGE(H5:H54) -> 0.9079

Sheet Cronograma de Sesiones
A1: Cronograma de sesiones presenciales — Pista A
A2: 2 sesiones/semana (supuesto de capacidad baja) · 3 sesiones cierran un curso a nivel de toda la dotación · marcar 'Realizada' a medida que se ejecutan
A4: Semana (lunes) | B4: Sesión | C4: Curso | D4: Grupo de turno | E4: Personas objetivo | F4: Realizada (Sí/No) | G4: Asistentes reales | H4: Observaciones
A5: 2026-09-21 | B5: Sesión 1 | C5: RF-13 Caída de Objetos vs01 | D5: Grupo A (10X10 A/A-N) | E5: 438 | F5: No
A6: 2026-09-21 | B6: Sesión 2 | C6: RF-13 Caída de Objetos vs01 | D6: Grupo B (10X10 B/B-N) | E6: 431 | F6: No
A7: 2026-09-28 | B7: Sesión 1 | C7: RF-13 Caída de Objetos vs01 | D7: Otros turnos (C/D/8X6/4X3/5X2) | E7: 122 | F7: No
A8: 2026-09-28 | B8: Sesión 2 | C8: RF-02 Evaluación RF Trabajo en altura vs 03 | D8: Grupo A (10X10 A/A-N) | E8: 438 | F8: No
A9: 2026-10-05 | B9: Sesión 1 | C9: RF-02 Evaluación RF Trabajo en altura vs 03 | D9: Grupo B (10X10 B/B-N) | E9: 431 | F9: No
A10: 2026-10-05 | B10: Sesión 2 | C10: RF-02 Evaluación RF Trabajo en altura vs 03 | D10: Otros turnos (C/D/8X6/4X3/5X2) | E10: 122 | F10: No
A11: 2026-10-12 | B11: Sesión 1 | C11: RF-04 Evaluación RF Liberación Descontrolada de Energías vs 02 | D11: Grupo A (10X10 A/A-N) | E11: 438 | F11: No
A12: 2026-10-12 | B12: Sesión 2 | C12: RF-04 Evaluación RF Liberación Descontrolada de Energías vs 02 | D12: Grupo B (10X10 B/B-N) | E12: 431 | F12: No
A13: 2026-10-19 | B13: Sesión 1 | C13: RF-04 Evaluación RF Liberación Descontrolada de Energías vs 02 | D13: Otros turnos (C/D/8X6/4X3/5X2) | E13: 122 | F13: No
A14: 2026-10-19 | B14: Sesión 2 | C14: RF-16 Evaluación RF Vaciados de Chimeneas y Piques vs01 | D14: Grupo A (10X10 A/A-N) | E14: 438 | F14: No
A15: 2026-10-26 | B15: Sesión 1 | C15: RF-16 Evaluación RF Vaciados de Chimeneas y Piques vs01 | D15: Grupo B (10X10 B/B-N) | E15: 431 | F15: No
A16: 2026-10-26 | B16: Sesión 2 | C16: RF-16 Evaluación RF Vaciados de Chimeneas y Piques vs01 | D16: Otros turnos (C/D/8X6/4X3/5X2) | E16: 122 | F16: No
... A28: 2026-12-07 | B28: Sesión 2 | C28: RF-27 Evaluación RF Atropello | D28: Otros turnos (C/D/8X6/4X3/5X2) | E28: 122 | F28: No
A30: Total sesiones programadas: 24 (de 26 disponibles con el supuesto de capacidad — deja margen para reprogramaciones)
